<?xml version="1.0" encoding="UTF-8"?>
<project-private xmlns="http://www.netbeans.org/ns/project-private/1">
    <editor-bookmarks xmlns="http://www.netbeans.org/ns/editor-bookmarks/2" lastBookmarkId="0"/>
    <open-files xmlns="http://www.netbeans.org/ns/projectui-open-files/2">
        <group>
            <file>file:/C:/Users/Zelgoth/Documents/NetBeansProjects/CollinsAdvJavaFinalV0.3/CollinsAdvJavaFinalV0.2/CollinsAdvJavaFinalV0.2/src/CheckerBoardController.java</file>
            <file>file:/C:/Users/Zelgoth/Documents/NetBeansProjects/CollinsAdvJavaFinalV0.3/CollinsAdvJavaFinalV0.2/CollinsAdvJavaFinalV0.2/src/Main.java</file>
            <file>file:/C:/Users/Zelgoth/Documents/NetBeansProjects/CollinsAdvJavaFinalV0.3/CollinsAdvJavaFinalV0.2/CollinsAdvJavaFinalV0.2/src/WhitePiece.java</file>
            <file>file:/C:/Users/Zelgoth/Documents/NetBeansProjects/CollinsAdvJavaFinalV0.3/CollinsAdvJavaFinalV0.2/CollinsAdvJavaFinalV0.2/src/GameMaster.java</file>
            <file>file:/C:/Users/Zelgoth/Documents/NetBeansProjects/CollinsAdvJavaFinalV0.3/CollinsAdvJavaFinalV0.2/CollinsAdvJavaFinalV0.2/src/BlackPiece.java</file>
            <file>file:/C:/Users/Zelgoth/Documents/NetBeansProjects/CollinsAdvJavaFinalV0.3/CollinsAdvJavaFinalV0.2/CollinsAdvJavaFinalV0.2/src/Checker.java</file>
        </group>
    </open-files>
</project-private>
